id_transacao,id_conta,valor,data_hora,zscore_global,zscore_conta,anomalia_global,anomalia_por_conta,anomalia
TX-001871,CTA-0001,8711.64,2026-03-30 16:05:00,15.07322436525864,4.919412828599197,True,True,True
TX-001304,CTA-0007,7546.36,2026-04-29 13:54:00,12.980605933874521,5.297200476723535,True,True,True
TX-001909,CTA-0009,7165.3,2026-03-21 06:03:00,12.296295571160641,4.7746703270975095,True,True,True
TX-001312,CTA-0001,6785.46,2026-02-22 03:09:00,11.614176093458335,3.7134052764504877,True,True,True
TX-000082,CTA-0033,6473.81,2026-02-27 20:49:00,11.054512721444004,6.4571624438934,True,True,True
TX-001958,CTA-0002,5526.12,2026-04-16 18:15:00,9.352644019296523,6.23063533975932,True,True,True
TX-000205,CTA-0028,5476.5,2026-01-30 15:39:00,9.263536056776545,4.806398731912108,True,True,True
TX-001181,CTA-0008,5343.19,2026-06-03 03:16:00,9.024136974077264,5.735043483739744,True,True,True
TX-001563,CTA-0011,5176.57,2026-04-04 04:33:00,8.724919547332428,6.73596189514046,True,True,True
TX-000200,CTA-0024,4953.31,2026-03-29 00:48:00,8.323987590214125,4.46066335434977,True,True,True
TX-001262,CTA-0009,4819.66,2026-05-29 16:32:00,8.083977933003421,3.0411240663531567,True,True,True
TX-001054,CTA-0003,4744.9,2026-01-27 16:53:00,7.949723372785897,6.687598335089357,True,True,True
TX-000993,CTA-0012,4687.91,2026-06-08 20:55:00,7.84738030982714,6.745215517433124,True,True,True
TX-000188,CTA-0007,4579.89,2026-04-17 11:25:00,7.653397195933388,2.9955934799770683,True,True,True
TX-001625,CTA-0024,4443.64,2026-04-26 13:43:00,7.408718439517688,3.94969664341834,True,True,True
TX-000349,CTA-0027,3954.47,2026-04-21 14:05:00,6.530263340245265,6.978831587114782,True,True,True
TX-000728,CTA-0028,3938.33,2026-03-15 03:36:00,6.501279009026554,3.30105040553332,True,True,True
TX-000557,CTA-0046,3628.45,2026-06-16 05:08:00,5.944794216086392,5.61504718196764,True,True,True
TX-000759,CTA-0038,3487.22,2026-01-16 23:21:00,5.691172338885738,6.277968945992793,True,True,True
TX-000369,CTA-0024,3244.71,2026-05-23 00:11:00,5.255671089576591,2.747716305676232,True,True,True
TX-001911,CTA-0044,2833.02,2026-03-16 02:40:00,4.516355146613074,4.89012467269336,True,True,True
TX-000495,CTA-0030,2703.66,2026-04-10 18:47:00,4.284049503090616,5.795013350233643,True,True,True
TX-000284,CTA-0022,2551.46,2026-03-23 03:01:00,4.010727618859647,6.690410412328006,True,True,True
TX-001990,CTA-0013,2458.29,2026-03-18 15:40:00,3.8434122446559726,6.542533481607749,True,True,True
TX-000450,CTA-0049,2438.55,2026-02-03 07:58:00,3.807963006845728,4.593950433866529,True,True,True
TX-000503,CTA-0018,2341.54,2026-06-19 02:45:00,3.6337517322777493,6.589748664639996,True,True,True
TX-000981,CTA-0044,2242.68,2026-04-12 04:08:00,3.4562182140446773,3.746554235840327,True,True,True
TX-001775,CTA-0019,2135.61,2026-02-17 08:01:00,3.263941117168135,5.977223749948891,True,True,True
TX-001237,CTA-0046,2043.55,2026-03-17 09:50:00,3.098619089163517,2.927071744567335,True,True,True
TX-001922,CTA-0049,1891.99,2026-03-21 10:32:00,2.8264465216599324,3.4468382794105836,False,True,True
TX-001968,CTA-0044,1754.49,2026-04-20 02:36:00,2.5795230060110614,2.8008625131597,False,True,True
TX-000824,CTA-0004,1534.67,2026-02-16 19:18:00,2.1847686263024446,6.142678386562295,False,True,True
TX-001630,CTA-0005,1332.03,2026-05-03 01:08:00,1.8208662174945376,6.056483131872385,False,True,True
TX-001857,CTA-0042,1220.39,2026-02-26 12:08:00,1.62038228086152,4.3436738569315025,False,True,True
TX-001680,CTA-0010,1168.24,2026-05-03 21:43:00,1.5267309256536026,5.824798344272287,False,True,True
TX-000522,CTA-0042,1167.37,2026-01-17 01:05:00,1.525168573227315,4.133409014530746,False,True,True
TX-001554,CTA-0029,1056.92,2026-06-08 00:38:00,1.3268216473842769,6.226949104460928,False,True,True
TX-000514,CTA-0032,933.85,2026-05-23 17:31:00,1.1058116323231384,5.459723334027407,False,True,True
TX-001833,CTA-0034,673.89,2026-04-26 16:13:00,0.6389735441189166,2.9797019223918597,False,True,True
TX-001946,CTA-0032,672.98,2026-03-15 08:30:00,0.6373393593971677,3.735484773121444,False,True,True
TX-000399,CTA-0020,451.22,2026-05-26 02:41:00,0.23910111335866874,2.727918328623096,False,True,True
TX-001606,CTA-0048,432.64,2026-03-08 11:35:00,0.2057350121168067,2.9185409856297655,False,True,True
TX-001907,CTA-0026,199.29,2026-03-15 11:45:00,-0.21331664153165894,2.6921692665496937,False,True,True
TX-001886,CTA-0026,197.81,2026-03-06 23:03:00,-0.21597443646373404,2.6259735766338386,False,True,True
TX-001557,CTA-0040,155.69,2026-01-27 02:01:00,-0.29161384358468273,2.7378350916351293,False,True,True
TX-000476,CTA-0021,151.69,2026-01-03 21:18:00,-0.2987970731308317,2.6794402192206865,False,True,True
TX-001053,CTA-0041,140.26,2026-05-10 09:23:00,-0.3193231515589524,-2.7773539538445626,False,True,True
TX-000252,CTA-0036,116.1,2026-04-18 06:14:00,-0.3627098580176922,-2.765195132191137,False,True,True
TX-000207,CTA-0037,56.47,2026-06-28 03:00:00,-0.4697938524769079,-2.6871308083350516,False,True,True
